month,horizon_months,signal,n_basket,basket_return,universe_return
2010-01-31,1,high_wt1,50,0.054052204813674884,0.08841402287451817
2010-01-31,1,low_wt1,29,0.01616062683643471,0.08841402287451817
2010-01-31,3,high_wt1,50,0.05712051789233467,0.029598533956664733
2010-01-31,3,low_wt1,29,-0.17189030362389823,0.029598533956664733
2010-01-31,6,high_wt1,50,-0.008815458397300528,-0.07264341951717322
2010-01-31,6,low_wt1,29,-0.22624877571008817,-0.07264341951717322
2010-02-28,1,high_wt1,50,-0.01673605787953043,0.05456209632135244
2010-02-28,1,low_wt1,32,-0.11228915662650596,0.05456209632135244
2010-02-28,3,high_wt1,50,-0.1252256366048831,-0.11265176228054659
2010-02-28,3,low_wt1,32,-0.3498795180722891,-0.11265176228054659
2010-02-28,6,high_wt1,50,-0.05400807061341441,0.017499069057679128
2010-02-28,6,low_wt1,32,-0.0804819277108435,0.017499069057679128
2010-03-31,1,high_wt1,50,0.2023426755141634,-0.037982846508613444
2010-03-31,1,low_wt1,27,-0.08197611292073836,-0.037982846508613444
2010-03-31,3,high_wt1,50,0.20764590874889974,-0.28029145565686425
2010-03-31,3,low_wt1,27,-0.32736156351791534,-0.28029145565686425
2010-03-31,6,high_wt1,50,0.4620040624641194,0.027421104202949687
2010-03-31,6,low_wt1,27,-0.029858849077090133,0.027421104202949687
2010-04-30,1,high_wt1,50,-0.06061319522063566,-0.19646570002152294
2010-04-30,1,low_wt1,25,-0.16136656615366593,-0.19646570002152294
2010-04-30,3,high_wt1,50,-0.07663909276797277,-0.05183857048255628
2010-04-30,3,low_wt1,25,-0.05203510008492318,-0.05183857048255628
2010-04-30,6,high_wt1,50,0.1847342107572235,0.30017747901550407
2010-04-30,6,low_wt1,25,0.08686860550528164,0.30017747901550407
2010-05-31,1,high_wt1,50,-0.18321075050631952,-0.12403548885855804
2010-05-31,1,low_wt1,50,-0.1405895670688629,-0.12403548885855804
2010-05-31,3,high_wt1,50,0.21532596473377696,0.196886487246016
2010-05-31,3,low_wt1,50,0.10222073312835742,0.196886487246016
2010-05-31,6,high_wt1,50,0.7934889287120115,0.36795915892890296
2010-05-31,6,low_wt1,50,0.03905921133154761,0.36795915892890296
2010-06-30,1,high_wt1,40,0.14449697765334382,0.17304592842229605
2010-06-30,1,low_wt1,50,0.13176605293987617,0.17304592842229605
2010-06-30,3,high_wt1,40,0.7474034815118769,0.2839638665243267
2010-06-30,3,low_wt1,50,-0.04750437305217192,0.2839638665243267
2010-06-30,6,high_wt1,40,1.24868976347258,0.41584306595526366
2010-06-30,6,low_wt1,50,-0.03927692805958727,0.41584306595526366
2010-07-31,1,high_wt1,25,0.1299986958917963,0.1121715768863057
2010-07-31,1,low_wt1,35,0.11063209690986398,0.1121715768863057
2010-07-31,3,high_wt1,25,0.2857879400686995,0.3941063878679437
2010-07-31,3,low_wt1,35,0.21812917235697774,0.3941063878679437
2010-07-31,6,high_wt1,25,0.13659238718792258,0.1921504224479825
2010-07-31,6,low_wt1,35,0.3744176088221569,0.1921504224479825
2010-08-31,1,high_wt1,42,0.030850980663787553,-0.02610874990912194
2010-08-31,1,low_wt1,29,,-0.02610874990912194
2010-08-31,3,high_wt1,42,0.12862882429646397,-0.050590799135464715
2010-08-31,3,low_wt1,29,,-0.050590799135464715
2010-08-31,6,high_wt1,42,0.12644603266663024,-0.21115341853788325
2010-08-31,6,low_wt1,29,,-0.21115341853788325
2010-09-30,1,high_wt1,50,0.16262633879701335,0.1848818456428978
2010-09-30,1,low_wt1,31,,0.1848818456428978
2010-09-30,3,high_wt1,50,0.11533430790253733,0.12942106795203576
2010-09-30,3,low_wt1,31,,0.12942106795203576
2010-09-30,6,high_wt1,50,0.12285782262763696,0.18826560184551083
2010-09-30,6,low_wt1,31,,0.18826560184551083
2010-10-31,1,high_wt1,50,-0.06325084393201111,-0.012530667732602144
2010-10-31,1,low_wt1,21,,-0.012530667732602144
2010-10-31,3,high_wt1,50,-0.22395237929764159,-0.08721237746130334
2010-10-31,3,low_wt1,21,,-0.08721237746130334
2010-10-31,6,high_wt1,50,0.00525966318116818,0.02332886002043135
2010-10-31,6,low_wt1,21,,0.02332886002043135
2010-11-30,1,high_wt1,50,-0.07165265946501155,-0.02442706912371285
2010-11-30,1,low_wt1,16,,-0.02442706912371285
2010-11-30,3,high_wt1,50,-0.029071249817867188,0.04260107003192505
2010-11-30,3,low_wt1,16,,0.04260107003192505
2010-11-30,6,high_wt1,50,-0.15603457998011822,-0.03767148325801255
2010-11-30,6,low_wt1,16,,-0.03767148325801255
2010-12-31,1,high_wt1,50,-0.12691672349466077,-0.02062665844726882
2010-12-31,1,low_wt1,18,,-0.02062665844726882
2010-12-31,3,high_wt1,50,0.033828226554774604,0.06788850427653995
2010-12-31,3,low_wt1,18,,0.06788850427653995
2010-12-31,6,high_wt1,50,-0.01005757178035803,0.07669279360377251
2010-12-31,6,low_wt1,18,,0.07669279360377251
2011-01-31,1,high_wt1,50,0.0752260049653124,0.055873295144782356
2011-01-31,1,low_wt1,30,0.15560942348164133,0.055873295144782356
2011-01-31,3,high_wt1,50,-0.07057891776839098,0.11481285281808086
2011-01-31,3,low_wt1,30,0.6122747963929291,0.11481285281808086
2011-01-31,6,high_wt1,50,-0.026942824255804652,0.11701418557067797
2011-01-31,6,low_wt1,30,-0.07674370835132327,0.11701418557067797
2011-02-28,1,high_wt1,50,-0.04021225005248125,0.02345885928596389
2011-02-28,1,low_wt1,24,,0.02345885928596389
2011-02-28,3,high_wt1,50,-0.15124754811343533,-0.02353942376573754
2011-02-28,3,low_wt1,24,,-0.02353942376573754
2011-02-28,6,high_wt1,50,-0.13682332400459513,-0.013031774990021857
2011-02-28,6,low_wt1,24,,-0.013031774990021857
2011-03-31,1,high_wt1,50,0.0022024006909552247,0.04501406588069564
2011-03-31,1,low_wt1,26,,0.04501406588069564
2011-03-31,3,high_wt1,50,0.005720691133796461,0.010332016202205212
2011-03-31,3,low_wt1,26,,0.010332016202205212
2011-03-31,6,high_wt1,50,-0.1234366300410417,-0.08727978897084618
2011-03-31,6,low_wt1,26,,-0.08727978897084618
2011-04-30,1,high_wt1,50,-0.07865481458115736,-0.0913182470456376
2011-04-30,1,low_wt1,31,,-0.0913182470456376
2011-04-30,3,high_wt1,50,-0.04096351424145944,-0.035602293162902476
2011-04-30,3,low_wt1,31,,-0.035602293162902476
2011-04-30,6,high_wt1,50,-0.16756932272939742,-0.17909884264895504
2011-04-30,6,low_wt1,31,,-0.17909884264895504
2011-05-31,1,high_wt1,35,-0.012624329847039631,0.027985585817004322
2011-05-31,1,low_wt1,50,0.011761312048210648,0.027985585817004322
2011-05-31,3,high_wt1,35,-0.08788428924746298,-0.02513007527424116
2011-05-31,3,low_wt1,50,0.04360704146787657,-0.02513007527424116
2011-05-31,6,high_wt1,35,-0.21388067319418327,-0.18168514052546542
2011-05-31,6,low_wt1,50,0.044511476239166826,-0.18168514052546542
2011-06-30,1,high_wt1,19,-0.0940084938775605,0.019272395528374762
2011-06-30,1,low_wt1,50,0.04028157979904426,0.019272395528374762
2011-06-30,3,high_wt1,19,-0.3062630330968014,-0.17587994004156868
2011-06-30,3,low_wt1,50,-0.13203234994517254,-0.17587994004156868
2011-06-30,6,high_wt1,19,-0.3920582881370633,-0.3437640741121576
2011-06-30,6,low_wt1,50,-0.2168710007044277,-0.3437640741121576
2011-07-31,1,high_wt1,29,-0.06451184438147588,-0.055981486761754636
2011-07-31,1,low_wt1,30,0.4894795127353267,-0.055981486761754636
2011-07-31,3,high_wt1,29,-0.13824482733576762,-0.16995123458043698
2011-07-31,3,low_wt1,30,1.130952380952381,-0.16995123458043698
2011-07-31,6,high_wt1,29,-0.20274111375144116,-0.40047567136847134
2011-07-31,6,low_wt1,30,0.948781838316722,-0.40047567136847134
2011-08-31,1,high_wt1,37,-0.1369056061735923,-0.32540628810427935
2011-08-31,1,low_wt1,50,-0.05737488310109393,-0.32540628810427935
2011-08-31,3,high_wt1,37,-0.12302950432343726,-0.1967568254968484
2011-08-31,3,low_wt1,50,-0.05816466739609898,-0.1967568254968484
2011-08-31,6,high_wt1,37,-0.15176504424205436,-0.3729105975234305
2011-08-31,6,low_wt1,50,-0.10795267647491714,-0.3729105975234305
2011-09-30,1,high_wt1,24,0.071284125379171,0.07226101209238206
2011-09-30,1,low_wt1,50,0.11879723089901771,0.07226101209238206
2011-09-30,3,high_wt1,24,0.07229524772497475,-0.23477181034203204
2011-09-30,3,low_wt1,50,-0.2025585088033761,-0.23477181034203204
2011-09-30,6,high_wt1,24,-0.1706774519716885,-0.11598514366916483
2011-09-30,6,low_wt1,50,-0.24751233279091198,-0.11598514366916483
2011-10-31,1,high_wt1,19,-0.018181818181818188,-0.055637631160536265
2011-10-31,1,low_wt1,50,-0.07505612266040966,-0.055637631160536265
2011-10-31,3,high_wt1,19,-0.10000000000000009,-0.19755251902653495
2011-10-31,3,low_wt1,50,-0.25145880699734596,-0.19755251902653495
2011-10-31,6,high_wt1,19,-0.7909090909090909,-0.05817663607971792
2011-10-31,6,low_wt1,50,-0.06345516803367318,-0.05817663607971792
2011-11-30,1,high_wt1,20,-0.2768963980005039,-0.18222108513267368
2011-11-30,1,low_wt1,50,-0.32124791437097694,-0.18222108513267368
2011-11-30,3,high_wt1,20,0.0014062731286382801,-0.04279349538649258
2011-11-30,3,low_wt1,50,-0.20523430602380532,-0.04279349538649258
2011-11-30,6,high_wt1,20,-0.0916766918941734,-0.10284287765023949
2011-11-30,6,low_wt1,50,-0.43474634744970525,-0.10284287765023949
2011-12-31,1,high_wt1,10,,0.015072542662881048
2011-12-31,1,low_wt1,50,0.02396125112584388,0.015072542662881048
2011-12-31,3,high_wt1,10,,0.09386460421568842
2011-12-31,3,low_wt1,50,0.08588175794251118,0.09386460421568842
2011-12-31,6,high_wt1,10,,0.16731419016918714
2011-12-31,6,low_wt1,50,0.06073529124550402,0.16731419016918714
2012-01-31,1,high_wt1,6,,0.1722769812993176
2012-01-31,1,low_wt1,50,0.15113809302515938,0.1722769812993176
2012-01-31,3,high_wt1,6,,0.2228964025441605
2012-01-31,3,low_wt1,50,0.12434500854618154,0.2228964025441605
2012-01-31,6,high_wt1,6,,0.015422077348750642
2012-01-31,6,low_wt1,50,-0.0034221263165196136,0.015422077348750642
2012-02-29,1,high_wt1,11,0.16666666666666674,-0.12452984669385814
2012-02-29,1,low_wt1,20,,-0.12452984669385814
2012-02-29,3,high_wt1,11,-1.6904761904761905,0.02495371091988322
2012-02-29,3,low_wt1,20,,0.02495371091988322
2012-02-29,6,high_wt1,11,-1.3095238095238095,-0.3483596659820152
2012-02-29,6,low_wt1,20,,-0.3483596659820152
2012-03-31,1,high_wt1,10,,0.08518398612870667
2012-03-31,1,low_wt1,17,0.031847133757961776,0.08518398612870667
2012-03-31,3,high_wt1,10,,0.06875574472981588
2012-03-31,3,low_wt1,17,-0.16242038216560517,0.06875574472981588
2012-03-31,6,high_wt1,10,,-0.023038841036979903
2012-03-31,6,low_wt1,17,-0.16242038216560517,-0.023038841036979903
2012-04-30,1,high_wt1,14,-0.19513991163475697,-0.010857582885737842
2012-04-30,1,low_wt1,20,-0.07098765432098775,-0.010857582885737842
2012-04-30,3,high_wt1,14,-0.38217967599410896,-0.0910381111988664
2012-04-30,3,low_wt1,20,-0.22839506172839508,-0.0910381111988664
2012-04-30,6,high_wt1,14,-0.5294550810014728,-0.025499566159099023
2012-04-30,6,low_wt1,20,-0.2314814814814815,-0.025499566159099023
2012-05-31,1,high_wt1,20,0.04672897196261694,-0.048188053669363025
2012-05-31,1,low_wt1,26,-0.2405247229743989,-0.048188053669363025
2012-05-31,3,high_wt1,20,-0.5514018691588786,-0.12933339674681898
2012-05-31,3,low_wt1,26,-0.25129380994277556,-0.12933339674681898
2012-05-31,6,high_wt1,20,0.08878504672897192,-0.28595510504810145
2012-05-31,6,low_wt1,26,-0.4668103977162318,-0.28595510504810145
2012-06-30,1,high_wt1,28,-0.04384824930057688,-0.08294298044306131
2012-06-30,1,low_wt1,49,-0.058852992028502776,-0.08294298044306131
2012-06-30,3,high_wt1,28,-0.12938389306146533,-0.06928391888612896
2012-06-30,3,low_wt1,49,-0.0733030105130668,-0.06928391888612896
2012-06-30,6,high_wt1,28,0.008768626438814835,-0.022666315740678462
2012-06-30,6,low_wt1,49,0.03505638829872094,-0.022666315740678462
2012-07-31,1,high_wt1,33,0.013883127013010118,-0.00895909371991915
2012-07-31,1,low_wt1,50,-0.02903888615323875,-0.00895909371991915
2012-07-31,3,high_wt1,33,0.022714654406986765,0.05181859697578295
2012-07-31,3,low_wt1,50,0.037497679761303714,0.05181859697578295
2012-07-31,6,high_wt1,33,0.37245652871142276,0.38242100856962485
2012-07-31,6,low_wt1,50,0.3217675394337724,0.38242100856962485
2012-08-31,1,high_wt1,25,0.0843018607832348,0.015967569069417587
2012-08-31,1,low_wt1,50,-0.0051145088388862,0.015967569069417587
2012-08-31,3,high_wt1,25,-0.9522159794053221,-0.11169979662186884
2012-08-31,3,low_wt1,50,-0.066364802872597,-0.11169979662186884
2012-08-31,6,high_wt1,25,1.0843492180988974,0.24102528848150664
2012-08-31,6,low_wt1,50,0.17020312533196075,0.24102528848150664
2012-09-30,1,high_wt1,16,-0.13784149920975391,0.01946864552545163
2012-09-30,1,low_wt1,50,0.03653213965090591,0.01946864552545163
2012-09-30,3,high_wt1,16,-0.2749586061563935,0.16294649430986377
2012-09-30,3,low_wt1,50,0.10992141370768241,0.16294649430986377
2012-09-30,6,high_wt1,16,2.470215247986754,0.1970491770663963
2012-09-30,6,low_wt1,50,0.12197151262367026,0.1970491770663963
2012-10-31,1,high_wt1,15,-0.20862017396989682,-0.07747423253754357
2012-10-31,1,low_wt1,44,-0.24627660915576643,-0.07747423253754357
2012-10-31,3,high_wt1,15,0.056706526459149274,0.2002582307101399
2012-10-31,3,low_wt1,44,0.07958438436490657,0.2002582307101399
2012-10-31,6,high_wt1,15,-0.0009009057177061427,0.11008159411746588
2012-10-31,6,low_wt1,44,-0.10133323539813667,0.11008159411746588
2012-11-30,1,high_wt1,5,0.5893311464917195,0.4079104471232613
2012-11-30,1,low_wt1,50,0.6109899487424992,0.4079104471232613
2012-11-30,3,high_wt1,5,0.3738619089527163,0.5313911053202469
2012-11-30,3,low_wt1,50,0.9915147678484928,0.5313911053202469
2012-11-30,6,high_wt1,5,1.0320025602048164,0.4409942489468923
2012-11-30,6,low_wt1,50,0.9591460023325513,0.4409942489468923
2012-12-31,1,high_wt1,12,0.0569175641327478,0.08793973128109081
2012-12-31,1,low_wt1,39,0.12786486114216825,0.08793973128109081
2012-12-31,3,high_wt1,12,-0.007088768324858186,0.10598085692262181
2012-12-31,3,low_wt1,39,0.13341579993426997,0.10598085692262181
2012-12-31,6,high_wt1,12,0.3289329687075371,-0.005422782299141385
2012-12-31,6,low_wt1,39,-0.04418092606611579,-0.005422782299141385
2013-01-31,1,high_wt1,37,0.026090952742139698,0.03712185450882941
2013-01-31,1,low_wt1,8,,0.03712185450882941
2013-01-31,3,high_wt1,37,-0.032723708604392304,-0.060747841859762675
2013-01-31,3,low_wt1,8,,-0.060747841859762675
2013-01-31,6,high_wt1,37,0.243365727162934,-0.09104329366908635
2013-01-31,6,low_wt1,8,,-0.09104329366908635
2013-02-28,1,high_wt1,50,-0.03398766813287351,-0.03597008225750283
2013-02-28,1,low_wt1,1,,-0.03597008225750283
2013-02-28,3,high_wt1,50,0.16960655112246995,0.09106623470657334
2013-02-28,3,low_wt1,1,,0.09106623470657334
2013-02-28,6,high_wt1,50,0.1513088012775322,0.09102758294381702
2013-02-28,6,low_wt1,1,,0.09102758294381702
2013-03-31,1,high_wt1,50,-0.00616800506850492,-0.04807737162900363
2013-03-31,1,low_wt1,7,-0.2196613358419568,-0.04807737162900363
2013-03-31,3,high_wt1,50,-0.038872940826826,-0.17685384472947083
2013-03-31,3,low_wt1,7,-0.2502351834430857,-0.17685384472947083
2013-03-31,6,high_wt1,50,0.22324372253701358,0.09789640791657035
2013-03-31,6,low_wt1,7,,0.09789640791657035
2013-04-30,1,high_wt1,50,0.12847726692129802,0.03048764221207277
2013-04-30,1,low_wt1,11,0.218203737191079,0.03048764221207277
2013-04-30,3,high_wt1,50,0.09732544933064649,-0.07137509744044752
2013-04-30,3,low_wt1,11,0.009644364074743894,-0.07137509744044752
2013-04-30,6,high_wt1,50,0.08722325518035828,0.019826420037885487
2013-04-30,6,low_wt1,11,,0.019826420037885487
2013-05-31,1,high_wt1,50,-0.3605190520434129,-0.030855107574061902
2013-05-31,1,low_wt1,0,,-0.030855107574061902
2013-05-31,3,high_wt1,50,-0.021177116933971344,0.12254565785488114
2013-05-31,3,low_wt1,0,,0.12254565785488114
2013-05-31,6,high_wt1,50,0.1423086608143337,0.23351818693911253
2013-05-31,6,low_wt1,0,,0.23351818693911253
2013-06-30,1,high_wt1,50,0.1317104123471683,0.0773123031391549
2013-06-30,1,low_wt1,50,0.013306028644857486,0.0773123031391549
2013-06-30,3,high_wt1,50,0.17783337116852102,0.35683953320647943
2013-06-30,3,low_wt1,50,0.14353229379203525,0.35683953320647943
2013-06-30,6,high_wt1,50,0.13174028805537752,0.3962761126327181
2013-06-30,6,low_wt1,50,0.04968795606409375,0.3962761126327181
2013-07-31,1,high_wt1,50,0.015140625524247713,0.12029066911429216
2013-07-31,1,low_wt1,50,0.15770710407612715,0.12029066911429216
2013-07-31,3,high_wt1,50,0.029658272942696698,0.16024110757482124
2013-07-31,3,low_wt1,50,0.12579801238140895,0.16024110757482124
2013-07-31,6,high_wt1,50,0.12996569316648132,0.22291947871951145
2013-07-31,6,low_wt1,50,0.00391492363260682,0.22291947871951145
2013-08-31,1,high_wt1,50,0.20869267628693686,0.06253241262106847
2013-08-31,1,low_wt1,6,-0.02924551690337343,0.06253241262106847
2013-08-31,3,high_wt1,50,0.19082970310358766,0.06691528989140356
2013-08-31,3,low_wt1,6,-0.05672231994092536,0.06691528989140356
2013-08-31,6,high_wt1,50,0.23654924728939367,0.1427427529677886
2013-08-31,6,low_wt1,6,-0.06717431936730772,0.1427427529677886
2013-09-30,1,high_wt1,50,-0.08847447168594014,-0.07706538604371502
2013-09-30,1,low_wt1,1,,-0.07706538604371502
2013-09-30,3,high_wt1,50,-0.043718395945527615,-0.01738173276531978
2013-09-30,3,low_wt1,1,,-0.01738173276531978
2013-09-30,6,high_wt1,50,-0.09916959760888412,0.07749942251959487
2013-09-30,6,low_wt1,1,,0.07749942251959487
2013-10-31,1,high_wt1,50,0.060343270403117474,0.13335293280652158
2013-10-31,1,low_wt1,4,0.08700209643605872,0.13335293280652158
2013-10-31,3,high_wt1,50,0.012739233465068856,-0.009842844814657999
2013-10-31,3,low_wt1,4,-0.15932914046121593,-0.009842844814657999
2013-10-31,6,high_wt1,50,-0.1028890653467579,-0.018559018160873887
2013-10-31,6,low_wt1,4,-0.23165618448637304,-0.018559018160873887
2013-11-30,1,high_wt1,50,-0.060887688443803836,-0.051391854926690086
2013-11-30,1,low_wt1,2,,-0.051391854926690086
2013-11-30,3,high_wt1,50,-0.03250787651887484,-0.03438791715652791
2013-11-30,3,low_wt1,2,,-0.03438791715652791
2013-11-30,6,high_wt1,50,-0.1555724320802858,-0.06208353654548233
2013-11-30,6,low_wt1,2,,-0.06208353654548233
2013-12-31,1,high_wt1,50,0.010602773302628377,-0.01768893677934186
2013-12-31,1,low_wt1,14,-0.31763351224478004,-0.01768893677934186
2013-12-31,3,high_wt1,50,0.031412925188636164,0.021230909572199808
2013-12-31,3,low_wt1,14,-0.3361103058125772,0.021230909572199808
2013-12-31,6,high_wt1,50,0.0014544717666115537,0.04981671428710895
2013-12-31,6,low_wt1,14,-0.31477417902975907,0.04981671428710895
2014-01-31,1,high_wt1,50,-0.00452918657197846,-0.025968645438944914
2014-01-31,1,low_wt1,50,0.009363902865498458,-0.025968645438944914
2014-01-31,3,high_wt1,50,-0.08914425468556504,0.026791364578733785
2014-01-31,3,low_wt1,50,-0.015491684163623416,0.026791364578733785
2014-01-31,6,high_wt1,50,-0.08033266028174942,0.3571763692325554
2014-01-31,6,low_wt1,50,0.21498059927079324,0.3571763692325554
2014-02-28,1,high_wt1,50,-0.13853233940070184,-0.022877642779201995
2014-02-28,1,low_wt1,35,-0.0338841748726856,-0.022877642779201995
2014-02-28,3,high_wt1,50,-0.23896737941188756,-0.02188495952623721
2014-02-28,3,low_wt1,35,-0.0662827649664222,-0.02188495952623721
2014-02-28,6,high_wt1,50,-0.05082658088976861,0.17542899105994042
2014-02-28,6,low_wt1,35,0.19078800007760324,0.17542899105994042
2014-03-31,1,high_wt1,50,-0.01668844057486179,0.03315110602816908
2014-03-31,1,low_wt1,34,0.032838704501479674,0.03315110602816908
2014-03-31,3,high_wt1,50,0.056465189373995556,0.09240181509877267
2014-03-31,3,low_wt1,34,0.016283172040450745,0.09240181509877267
2014-03-31,6,high_wt1,50,0.2380549200831843,0.3196023427371397
2014-03-31,6,low_wt1,34,0.4274104875029504,0.3196023427371397
2014-04-30,1,high_wt1,50,-0.0424699852637495,-0.028512580616550657
2014-04-30,1,low_wt1,12,0.01930089274487612,-0.028512580616550657
2014-04-30,3,high_wt1,50,0.13370335686021587,0.06971924673387823
2014-04-30,3,low_wt1,12,0.24081059558237983,0.06971924673387823
2014-04-30,6,high_wt1,50,0.2481084846658497,0.19189024264062066
2014-04-30,6,low_wt1,12,0.6266817553124607,0.19189024264062066
2014-05-31,1,high_wt1,36,0.023165857922069395,0.0396194336995369
2014-05-31,1,low_wt1,27,0.010153415547643976,0.0396194336995369
2014-05-31,3,high_wt1,36,0.10438550699615885,0.2538186030467436
2014-05-31,3,low_wt1,27,0.2060503617543505,0.2538186030467436
2014-05-31,6,high_wt1,36,0.5407913803227681,0.705119832728609
2014-05-31,6,low_wt1,27,0.6888030890079989,0.705119832728609
2014-06-30,1,high_wt1,45,0.08397372370556858,-0.04891244916012426
2014-06-30,1,low_wt1,25,0.13921923733607333,-0.04891244916012426
2014-06-30,3,high_wt1,45,0.18743127007890645,0.2769661494657242
2014-06-30,3,low_wt1,25,0.3236248002681768,0.2769661494657242
2014-06-30,6,high_wt1,45,0.13976361909414614,-0.3885776155419875
2014-06-30,6,low_wt1,25,0.8608383581169535,-0.3885776155419875
2014-07-31,1,high_wt1,50,0.07683254275033181,0.03453884836909264
2014-07-31,1,low_wt1,5,0.12297085300794264,0.03453884836909264
2014-07-31,3,high_wt1,50,0.2575073574434537,0.2875058798641496
2014-07-31,3,low_wt1,5,0.22090755141371488,0.2875058798641496
2014-07-31,6,high_wt1,50,0.09655573760042369,1.8588597227473382
2014-07-31,6,low_wt1,5,1.5617977528089888,1.8588597227473382
2014-08-31,1,high_wt1,50,0.162479740212744,0.1487895982490714
2014-08-31,1,low_wt1,1,,0.1487895982490714
2014-08-31,3,high_wt1,50,0.15151966118388294,0.2633384858664384
2014-08-31,3,low_wt1,1,,0.2633384858664384
2014-08-31,6,high_wt1,50,0.05607634723364511,0.6643530931895812
2014-08-31,6,low_wt1,1,,0.6643530931895812
2014-09-30,1,high_wt1,50,-0.05426150205863427,0.04182820847685471
2014-09-30,1,low_wt1,1,,0.04182820847685471
2014-09-30,3,high_wt1,50,-0.10064866862434702,0.13809026369759322
2014-09-30,3,low_wt1,1,,0.13809026369759322
2014-09-30,6,high_wt1,50,-0.06798714769614755,0.20474550549967904
2014-09-30,6,low_wt1,1,,0.20474550549967904
2014-10-31,1,high_wt1,50,0.04506958151555877,0.06775791681070072
2014-10-31,1,low_wt1,2,,0.06775791681070072
2014-10-31,3,high_wt1,50,-0.026521060842433664,-0.5698873407246873
2014-10-31,3,low_wt1,2,,-0.5698873407246873
2014-10-31,6,high_wt1,50,0.8065522620904837,-0.36621753734345885
2014-10-31,6,low_wt1,2,,-0.36621753734345885
2014-11-30,1,high_wt1,50,-0.05069780353398604,0.012888674216361688
2014-11-30,1,low_wt1,2,,0.012888674216361688
2014-11-30,3,high_wt1,50,,-1.4902042416139425
2014-11-30,3,low_wt1,2,,-1.4902042416139425
2014-11-30,6,high_wt1,50,,-1.5849491805858644
2014-11-30,6,low_wt1,2,,-1.5849491805858644
2014-12-31,1,high_wt1,50,0.06052531404644079,0.16771928992941765
2014-12-31,1,low_wt1,3,,0.16771928992941765
2014-12-31,3,high_wt1,50,0.12409592691282834,0.2686447721482228
2014-12-31,3,low_wt1,3,,0.2686447721482228
2014-12-31,6,high_wt1,50,0.23753330795584304,1.0023456623649587
2014-12-31,6,low_wt1,3,,1.0023456623649587
2015-01-31,1,high_wt1,50,0.03824833702882491,0.056490415578123704
2015-01-31,1,low_wt1,3,,0.056490415578123704
2015-01-31,3,high_wt1,50,0.047671840354767125,0.41768304973583
2015-01-31,3,low_wt1,3,,0.41768304973583
2015-01-31,6,high_wt1,50,-0.21729490022172948,0.36077792476930937
2015-01-31,6,low_wt1,3,,0.36077792476930937
2015-02-28,1,high_wt1,50,,0.1265893899185465
2015-02-28,1,low_wt1,2,,0.1265893899185465
2015-02-28,3,high_wt1,50,,0.5070672138442578
2015-02-28,3,low_wt1,2,,0.5070672138442578
2015-02-28,6,high_wt1,50,,0.16278438832051637
2015-02-28,6,low_wt1,2,,0.16278438832051637
2015-03-31,1,high_wt1,50,,0.18350996436723305
2015-03-31,1,low_wt1,2,,0.18350996436723305
2015-03-31,3,high_wt1,50,,0.44104651485483565
2015-03-31,3,low_wt1,2,,0.44104651485483565
2015-03-31,6,high_wt1,50,,-0.04523020476430664
2015-03-31,6,low_wt1,2,,-0.04523020476430664
2015-04-30,1,high_wt1,50,,0.12328390921510514
2015-04-30,1,low_wt1,1,,0.12328390921510514
2015-04-30,3,high_wt1,50,,-0.03502801181749234
2015-04-30,3,low_wt1,1,,-0.03502801181749234
2015-04-30,6,high_wt1,50,,-0.07531868250389791
2015-04-30,6,low_wt1,1,,-0.07531868250389791
2015-05-31,1,high_wt1,50,,0.1281727572390025
2015-05-31,1,low_wt1,0,,0.1281727572390025
2015-05-31,3,high_wt1,50,,-0.16949872884550254
2015-05-31,3,low_wt1,0,,-0.16949872884550254
2015-05-31,6,high_wt1,50,,-0.1267278885652278
2015-05-31,6,low_wt1,0,,-0.1267278885652278
2015-06-30,1,high_wt1,50,,-0.1809992867430834
2015-06-30,1,low_wt1,0,,-0.1809992867430834
2015-06-30,3,high_wt1,50,,-0.3122300628717398
2015-06-30,3,low_wt1,0,,-0.3122300628717398
2015-06-30,6,high_wt1,50,,-0.12275250377310656
2015-06-30,6,low_wt1,0,,-0.12275250377310656
2015-07-31,1,high_wt1,50,,-0.0818979123235886
2015-07-31,1,low_wt1,3,,-0.0818979123235886
2015-07-31,3,high_wt1,50,,-0.04349042327461553
2015-07-31,3,low_wt1,3,,-0.04349042327461553
2015-07-31,6,high_wt1,50,,-0.13948765510086467
2015-07-31,6,low_wt1,3,,-0.13948765510086467
2015-08-31,1,high_wt1,50,,-0.08916390175664998
2015-08-31,1,low_wt1,3,,-0.08916390175664998
2015-08-31,3,high_wt1,50,,0.11040618165092193
2015-08-31,3,low_wt1,3,,0.11040618165092193
2015-08-31,6,high_wt1,50,,-0.1351681286464175
2015-08-31,6,low_wt1,3,,-0.1351681286464175
2015-09-30,1,high_wt1,50,0.3702801461632155,0.16747223153504423
2015-09-30,1,low_wt1,4,0.13207547169811318,0.16747223153504423
2015-09-30,3,high_wt1,50,1.431181485992692,0.2892857684943985
2015-09-30,3,low_wt1,4,0.24685534591194958,0.2892857684943985
2015-09-30,6,high_wt1,50,1.431181485992692,0.05339533784878749
2015-09-30,6,low_wt1,4,0.03616352201257844,0.05339533784878749
2015-10-31,1,high_wt1,50,0.09588020833333333,0.04843972686226628
2015-10-31,1,low_wt1,3,,0.04843972686226628
2015-10-31,3,high_wt1,50,0.18945486111111115,-0.08516547112188959
2015-10-31,3,low_wt1,3,,-0.08516547112188959
2015-10-31,6,high_wt1,50,-0.07464670138888896,-0.06499528504109342
2015-10-31,6,low_wt1,3,,-0.06499528504109342
2015-11-30,1,high_wt1,50,0.24197932509475706,0.05762351188855357
2015-11-30,1,low_wt1,1,,0.05762351188855357
2015-11-30,3,high_wt1,50,0.051113417012493834,-0.21328801006235842
2015-11-30,3,low_wt1,1,,-0.21328801006235842
2015-11-30,6,high_wt1,50,-0.05001840515040648,-0.11428071283150627
2015-11-30,6,low_wt1,1,,-0.11428071283150627
2015-12-31,1,high_wt1,50,-0.06558028616852146,-0.1702182039140939
2015-12-31,1,low_wt1,2,,-0.1702182039140939
2015-12-31,3,high_wt1,50,-0.15692979705914722,-0.18032114412755354
2015-12-31,3,low_wt1,2,,-0.18032114412755354
2015-12-31,6,high_wt1,50,-0.12313422137875485,-0.14099642606372137
2015-12-31,6,low_wt1,2,,-0.14099642606372137
2016-01-31,1,high_wt1,25,0.0,-0.09223299090424518
2016-01-31,1,low_wt1,47,-0.2596516386631186,-0.09223299090424518
2016-01-31,3,high_wt1,25,-0.05143080083548873,0.03081433536152528
2016-01-31,3,low_wt1,47,-0.1682127580183155,0.03081433536152528
2016-01-31,6,high_wt1,25,0.25242426729284195,0.056036876437158684
2016-01-31,6,low_wt1,47,-0.18517524408013067,0.056036876437158684
2016-02-29,1,high_wt1,26,0.13540290620871853,0.11259478337341203
2016-02-29,1,low_wt1,46,0.05452581564436106,0.11259478337341203
2016-02-29,3,high_wt1,26,0.010544867806948077,0.13558764066891238
2016-02-29,3,low_wt1,46,0.16324998146974104,0.13558764066891238
2016-02-29,6,high_wt1,26,0.25925132960769626,0.2075117451536175
2016-02-29,6,low_wt1,46,0.17348186243374977,0.2075117451536175
2016-03-31,1,high_wt1,32,-0.34591599422107894,0.03743282063743144
2016-03-31,1,low_wt1,6,-0.03572861498956814,0.03743282063743144
2016-03-31,3,high_wt1,32,-0.34702596990732576,0.05633479885568813
2016-03-31,3,low_wt1,6,0.01830899267105346,0.05633479885568813
2016-03-31,6,high_wt1,32,-0.2843152800779919,0.10809632085313653
2016-03-31,6,low_wt1,6,-0.06820066334991698,0.10809632085313653
2016-04-30,1,high_wt1,44,0.13318534961154294,-0.005079953336465175
2016-04-30,1,low_wt1,3,0.02560240963855409,-0.005079953336465175
2016-04-30,3,high_wt1,44,0.24750277469478354,0.024879500373001233
2016-04-30,3,low_wt1,3,0.05973895582329303,0.024879500373001233
2016-04-30,6,high_wt1,44,0.12652608213096572,0.09330251459684298
2016-04-30,6,low_wt1,3,-0.029618473895582476,0.09330251459684298
2016-05-31,1,high_wt1,44,-0.08031341821743387,0.024897749467565407
2016-05-31,1,low_wt1,18,0.02609664894689064,0.024897749467565407
2016-05-31,3,high_wt1,44,0.04897159647404514,0.06659781249898564
2016-05-31,3,low_wt1,18,-0.03927513856666883,0.06659781249898564
2016-05-31,6,high_wt1,44,0.09598432908912824,0.13268807890737527
2016-05-31,6,low_wt1,18,-0.06832686401701067,0.13268807890737527
2016-06-30,1,high_wt1,50,0.0513326752221126,0.004995819882043819
2016-06-30,1,low_wt1,10,-0.045622206137310196,0.004995819882043819
2016-06-30,3,high_wt1,50,-0.08687068114511365,0.05265942878996149
2016-06-30,3,low_wt1,10,0.14008693256377472,0.05265942878996149
2016-06-30,6,high_wt1,50,-0.13030602171767025,0.07950093665007955
2016-06-30,6,low_wt1,10,0.2921135250510473,0.07950093665007955
2016-07-31,1,high_wt1,50,,0.03719472726040354
2016-07-31,1,low_wt1,8,0.19934282584885,0.03719472726040354
2016-07-31,3,high_wt1,50,,0.07093258752251078
2016-07-31,3,low_wt1,8,0.24033195719942702,0.07093258752251078
2016-07-31,6,high_wt1,50,,0.09558228916939762
2016-07-31,6,low_wt1,8,0.5240121324458673,0.09558228916939762
2016-08-31,1,high_wt1,50,,0.008538669076773881
2016-08-31,1,low_wt1,2,,0.008538669076773881
2016-08-31,3,high_wt1,50,,0.0568913141426607
2016-08-31,3,low_wt1,2,,0.0568913141426607
2016-08-31,6,high_wt1,50,,0.05443769137199867
2016-08-31,6,low_wt1,2,,0.05443769137199867
2016-09-30,1,high_wt1,50,,0.01755483851315634
2016-09-30,1,low_wt1,1,,0.01755483851315634
2016-09-30,3,high_wt1,50,,0.020165451016465788
2016-09-30,3,low_wt1,1,,0.020165451016465788
2016-09-30,6,high_wt1,50,,0.022422310554026614
2016-09-30,6,low_wt1,1,,0.022422310554026614
2016-10-31,1,high_wt1,50,,0.03280786953737227
2016-10-31,1,low_wt1,2,,0.03280786953737227
2016-10-31,3,high_wt1,50,,0.025970238464536933
2016-10-31,3,low_wt1,2,,0.025970238464536933
2016-10-31,6,high_wt1,50,,-0.03322436627010862
2016-10-31,6,low_wt1,2,,-0.03322436627010862
2016-11-30,1,high_wt1,50,,-0.02841813018125814
2016-11-30,1,low_wt1,5,,-0.02841813018125814
2016-11-30,3,high_wt1,50,,-0.005828420300848591
2016-11-30,3,low_wt1,5,,-0.005828420300848591
2016-11-30,6,high_wt1,50,,-0.042632289406576575
2016-11-30,6,low_wt1,5,,-0.042632289406576575
2016-12-31,1,high_wt1,50,,0.02172020407460432
2016-12-31,1,low_wt1,30,0.0013438071968954984,0.02172020407460432
2016-12-31,3,high_wt1,50,,0.003134438518277709
2016-12-31,3,low_wt1,30,-0.12295534350598304,0.003134438518277709
2016-12-31,6,high_wt1,50,,0.004421568039984662
2016-12-31,6,low_wt1,30,-0.1422039691765278,0.004421568039984662
2017-02-28,1,high_wt1,50,,0.0025029079603123804
2017-02-28,1,low_wt1,24,-0.08763368587807326,0.0025029079603123804
2017-02-28,3,high_wt1,50,,-0.05725531088054911
2017-02-28,3,low_wt1,24,-0.20448349790280415,-0.05725531088054911
2017-02-28,6,high_wt1,50,,0.01223744771815825
2017-02-28,6,low_wt1,24,-0.18829611735119997,0.01223744771815825
2017-03-31,1,high_wt1,50,,-0.0220721845829551
2017-03-31,1,low_wt1,17,-0.022002200220022028,-0.0220721845829551
2017-03-31,3,high_wt1,50,,-0.041108126591880595
2017-03-31,3,low_wt1,17,0.0034867756768339753,-0.041108126591880595
2017-03-31,6,high_wt1,50,,0.01931296344337403
2017-03-31,6,low_wt1,17,0.04363312340038106,0.01931296344337403
2017-04-30,1,high_wt1,50,,-0.042656638897227234
2017-04-30,1,low_wt1,50,-0.05358145859361729,-0.042656638897227234
2017-04-30,3,high_wt1,50,,-0.0015275197961765142
2017-04-30,3,low_wt1,50,-0.08217245343401237,-0.0015275197961765142
2017-04-30,6,high_wt1,50,,0.035945472385672604
2017-04-30,6,low_wt1,50,-0.049304006935794495,0.035945472385672604
2017-05-31,1,high_wt1,50,,0.02557532069777103
2017-05-31,1,low_wt1,50,0.04891848165350438,0.02557532069777103
2017-05-31,3,high_wt1,50,,0.07771319302304606
2017-05-31,3,low_wt1,50,0.09078695683029542,0.07771319302304606
2017-05-31,6,high_wt1,50,,0.05771963608265261
2017-05-31,6,low_wt1,50,0.02228227806007066,0.05771963608265261
2017-06-30,1,high_wt1,50,,0.019305784495270657
2017-06-30,1,low_wt1,50,-0.03832275062641235,0.019305784495270657
2017-06-30,3,high_wt1,50,,0.06769195179567773
2017-06-30,3,low_wt1,50,0.03741113882146585,0.06769195179567773
2017-06-30,6,high_wt1,50,,0.005893276457448514
2017-06-30,6,low_wt1,50,-0.16915309653787286,0.005893276457448514
2017-07-31,1,high_wt1,50,,0.03095382378018411
2017-07-31,1,low_wt1,50,0.07181740280707927,0.03095382378018411
2017-07-31,3,high_wt1,50,,0.0379443985918223
2017-07-31,3,low_wt1,50,0.11644203173375124,0.0379443985918223
2017-07-31,6,high_wt1,50,,-0.017359064265623753
2017-07-31,6,low_wt1,50,0.007648115578238968,-0.017359064265623753
2017-08-31,1,high_wt1,50,,0.017289164236041064
2017-08-31,1,low_wt1,31,0.14637513958536377,0.017289164236041064
2017-08-31,3,high_wt1,50,,-0.018008524726694307
2017-08-31,3,low_wt1,31,0.13932631213829394,-0.018008524726694307
2017-08-31,6,high_wt1,50,,-0.07123524641024111
2017-08-31,6,low_wt1,31,0.04311084143739483,-0.07123524641024111
2017-09-30,1,high_wt1,50,,-0.00917230766983126
2017-09-30,1,low_wt1,16,,-0.00917230766983126
2017-09-30,3,high_wt1,50,,-0.05721643674811636
2017-09-30,3,low_wt1,16,,-0.05721643674811636
2017-09-30,6,high_wt1,50,,-0.09396528522335622
2017-09-30,6,low_wt1,16,,-0.09396528522335622
2017-10-31,1,high_wt1,50,,-0.02654630819548728
2017-10-31,1,low_wt1,18,-0.10021630490035509,-0.02654630819548728
2017-10-31,3,high_wt1,50,,-0.05561390069331127
2017-10-31,3,low_wt1,18,-0.18731909730845345,-0.05561390069331127
2017-10-31,6,high_wt1,50,,-0.1188510364906016
2017-10-31,6,low_wt1,18,-0.21438713615700608,-0.1188510364906016
2017-11-30,1,high_wt1,50,,-0.022436790455101663
2017-11-30,1,low_wt1,50,-0.03598959730153488,-0.022436790455101663
2017-11-30,3,high_wt1,50,,-0.06137126079447187
2017-11-30,3,low_wt1,50,-0.15089294843597992,-0.06137126079447187
2017-11-30,6,high_wt1,50,,-0.19898045229668354
2017-11-30,6,low_wt1,50,-0.24744662345051066,-0.19898045229668354
2017-12-31,1,high_wt1,50,,-0.007325443723698049
2017-12-31,1,low_wt1,50,0.026683500818118558,-0.007325443723698049
2017-12-31,3,high_wt1,50,,-0.04226604242048614
2017-12-31,3,low_wt1,50,0.0187568947148494,-0.04226604242048614
2017-12-31,6,high_wt1,50,,-0.17817494557115068
2017-12-31,6,low_wt1,50,-0.1324792805695585,-0.17817494557115068
2018-01-31,1,high_wt1,50,,-0.03173654339897178
2018-01-31,1,low_wt1,50,-0.0956509560769542,-0.03173654339897178
2018-01-31,3,high_wt1,50,,-0.06656581253698265
2018-01-31,3,low_wt1,50,-0.057617698257894256,-0.06656581253698265
2018-01-31,6,high_wt1,50,,-0.22382219251028304
2018-01-31,6,low_wt1,50,-0.18033341201237882,-0.22382219251028304
2018-02-28,1,high_wt1,50,-0.2358572671888599,0.002862742738848908
2018-02-28,1,low_wt1,50,0.05691976839233063,0.002862742738848908
2018-02-28,3,high_wt1,50,-0.25674499564839004,-0.14639013687484878
2018-02-28,3,low_wt1,50,-0.13755093713677655,-0.14639013687484878
2018-02-28,6,high_wt1,50,-0.36466492602262846,-0.19996688263250528
2018-02-28,6,low_wt1,50,-0.11700579941989174,-0.19996688263250528
2018-03-31,1,high_wt1,50,0.0479597244303126,-0.0354080972643219
2018-03-31,1,low_wt1,50,-0.02027748132337246,-0.0354080972643219
2018-03-31,3,high_wt1,50,-0.13221530920645969,-0.144511632169587
2018-03-31,3,low_wt1,50,-0.15673672624888418,-0.144511632169587
2018-03-31,6,high_wt1,50,-0.2974017508114333,-0.2499013551882094
2018-03-31,6,low_wt1,50,-0.16952441435275173,-0.2499013551882094
2018-05-31,1,high_wt1,50,0.026259586272979602,-0.11516189010601338
2018-05-31,1,low_wt1,50,-0.1919875636761238,-0.11516189010601338
2018-05-31,3,high_wt1,50,-0.12223249940270142,-0.1695544967133094
2018-05-31,3,low_wt1,50,-0.2260831406706782,-0.1695544967133094
2018-05-31,6,high_wt1,50,-0.15982564564983395,-0.21282738006423957
2018-05-31,6,low_wt1,50,-0.23198255713588706,-0.21282738006423957
2018-06-30,1,high_wt1,44,0.003489932885906022,0.004978925049719694
2018-06-30,1,low_wt1,50,0.0314597057193868,0.004978925049719694
2018-06-30,3,high_wt1,44,-0.10827674416282891,-0.06010532662278155
2018-06-30,3,low_wt1,50,-0.046984143869175245,-0.06010532662278155
2018-06-30,6,high_wt1,44,-0.18204186309906983,-0.1190457832292516
2018-06-30,6,low_wt1,50,-0.037083641442002935,-0.1190457832292516
2018-07-31,1,high_wt1,35,-0.0868485949072754,-0.06419234473826912
2018-07-31,1,low_wt1,50,-0.1183453339779981,-0.06419234473826912
2018-07-31,3,high_wt1,35,-0.11357670550635372,-0.12206795158762489
2018-07-31,3,low_wt1,50,-0.1695487240479631,-0.12206795158762489
2018-07-31,6,high_wt1,35,-0.21417772625106365,-0.016691902221051845
2018-07-31,6,low_wt1,50,0.02650020890677804,-0.016691902221051845
2018-08-31,1,high_wt1,17,0.0,0.00037314285959475494
2018-08-31,1,low_wt1,50,0.04205333092949784,0.00037314285959475494
2018-08-31,3,high_wt1,17,-0.05608058935247073,-0.04557986891415657
2018-08-31,3,low_wt1,50,0.023727788003360294,-0.04557986891415657
2018-08-31,6,high_wt1,17,0.06294279897518351,0.19049749145367523
2018-08-31,6,low_wt1,50,0.4146117023025304,0.19049749145367523
2018-09-30,1,high_wt1,13,0.0,-0.06328555585628813
2018-09-30,1,low_wt1,50,-0.05955461121832991,-0.06328555585628813
2018-09-30,3,high_wt1,13,0.22176422093981873,-0.0630660251369716
2018-09-30,3,low_wt1,50,-0.07910544809163365,-0.0630660251369716
2018-09-30,6,high_wt1,13,0.3182192910140147,0.21492717496977404
2018-09-30,6,low_wt1,50,0.19515729459240372,0.21492717496977404
2018-10-31,1,high_wt1,11,0.22176422093981873,0.021347259730836187
2018-10-31,1,low_wt1,50,0.014367312688666478,0.021347259730836187
2018-10-31,3,high_wt1,11,0.19703215169002486,0.1356915283596648
2018-10-31,3,low_wt1,50,0.12363140559913724,0.1356915283596648
2018-10-31,6,high_wt1,11,0.060181368507831845,0.1988548637515779
2018-10-31,6,low_wt1,50,0.20764068944507297,0.1988548637515779
2018-11-30,1,high_wt1,13,0.0,-0.0186462992038667
2018-11-30,1,low_wt1,50,-0.09099622176953762,-0.0186462992038667
2018-11-30,3,high_wt1,13,0.12505623031938828,0.25002862978637697
2018-11-30,3,low_wt1,50,0.16801789909629278,0.25002862978637697
2018-11-30,6,high_wt1,13,-0.13225371120107965,0.16754409036918194
2018-11-30,6,low_wt1,50,-0.010602196656184198,0.16754409036918194
2019-01-31,1,high_wt1,17,,0.13191166200969948
2019-01-31,1,low_wt1,50,0.06412883337803736,0.13191166200969948
2019-01-31,3,high_wt1,17,,0.2944660711511763
2019-01-31,3,low_wt1,50,0.20565551507195137,0.2944660711511763
2019-01-31,6,high_wt1,17,,0.19849539593719773
2019-01-31,6,low_wt1,50,0.10717065144172162,0.19849539593719773
2019-02-28,1,high_wt1,47,0.08886410778802101,0.13563052907002632
2019-02-28,1,low_wt1,26,,0.13563052907002632
2019-02-28,3,high_wt1,47,0.4039297102859636,0.06513862810035423
2019-02-28,3,low_wt1,26,,0.06513862810035423
2019-02-28,6,high_wt1,47,0.3766908696257656,0.04924153236999783
2019-02-28,6,low_wt1,26,,0.04924153236999783
2019-03-31,1,high_wt1,50,0.3655298087530051,0.014881200802061534
2019-03-31,1,low_wt1,10,,0.014881200802061534
2019-03-31,3,high_wt1,50,0.15677623054462586,-0.06625092646704323
2019-03-31,3,low_wt1,10,,-0.06625092646704323
2019-03-31,6,high_wt1,50,0.16311784531242998,-0.07384684289172389
2019-03-31,6,low_wt1,10,,-0.07384684289172389
2019-04-30,1,high_wt1,50,-0.008085905802970667,-0.07601697974246018
2019-04-30,1,low_wt1,11,,-0.07601697974246018
2019-04-30,3,high_wt1,50,-0.01314983368206607,-0.07128534176885365
2019-04-30,3,low_wt1,11,,-0.07128534176885365
2019-04-30,6,high_wt1,50,0.02000899571343151,-0.08475257484017573
2019-04-30,6,low_wt1,11,,-0.08475257484017573
2019-05-31,1,high_wt1,50,-0.04668080320369996,-0.0004131451773127461
2019-05-31,1,low_wt1,17,,-0.0004131451773127461
2019-05-31,3,high_wt1,50,0.004795762052352126,-0.013802340548656058
2019-05-31,3,low_wt1,17,,-0.013802340548656058
2019-05-31,6,high_wt1,50,0.0005219971907915566,-0.011527657892316533
2019-05-31,6,low_wt1,17,,-0.011527657892316533
2019-06-30,1,high_wt1,50,0.13311003142092315,0.007810228622480485
2019-06-30,1,low_wt1,16,,0.007810228622480485
2019-06-30,3,high_wt1,50,0.0796557027849012,-0.008482496270589876
2019-06-30,3,low_wt1,16,,-0.008482496270589876
2019-06-30,6,high_wt1,50,0.09801537079681105,0.0468280852607646
2019-06-30,6,low_wt1,16,,0.0468280852607646
2019-07-31,1,high_wt1,50,0.07819759998464111,-0.022665337121201074
2019-07-31,1,low_wt1,21,-0.11688311688311681,-0.022665337121201074
2019-07-31,3,high_wt1,50,0.042827825065026956,-0.01584690548008191
2019-07-31,3,low_wt1,21,-0.11688311688311681,-0.01584690548008191
2019-07-31,6,high_wt1,50,0.09225578167350101,0.05825959450068095
2019-07-31,6,low_wt1,21,-0.2683982683982683,0.05825959450068095
2019-08-31,1,high_wt1,50,,0.006026577330299017
2019-08-31,1,low_wt1,27,-0.004807692307692346,0.006026577330299017
2019-08-31,3,high_wt1,50,,0.002432886711349194
2019-08-31,3,low_wt1,27,-0.038492961287078964,0.002432886711349194
2019-08-31,6,high_wt1,50,,0.03573274305830354
2019-08-31,6,low_wt1,27,-0.1546945701357466,0.03573274305830354
2019-09-30,1,high_wt1,50,,0.0013676770291740671
2019-09-30,1,low_wt1,17,,0.0013676770291740671
2019-09-30,3,high_wt1,50,,0.05601999245293755
2019-09-30,3,low_wt1,17,,0.05601999245293755
2019-09-30,6,high_wt1,50,,0.031027601674923407
2019-09-30,6,low_wt1,17,,0.031027601674923407
2019-10-31,1,high_wt1,50,-0.03563112341285535,-0.00551126356612067
2019-10-31,1,low_wt1,23,,-0.00551126356612067
2019-10-31,3,high_wt1,50,0.06322217828742138,0.06786782919882496
2019-10-31,3,low_wt1,23,,0.06786782919882496
2019-10-31,6,high_wt1,50,0.46302886516409636,0.03630803377361362
2019-10-31,6,low_wt1,23,,0.03630803377361362
2019-11-30,1,high_wt1,50,0.0019879436523680405,0.06002920623047371
2019-11-30,1,low_wt1,50,0.0,0.06002920623047371
2019-11-30,3,high_wt1,50,0.17549012652596727,0.027940080029797375
2019-11-30,3,low_wt1,50,-0.023377062341817505,0.027940080029797375
2019-11-30,6,high_wt1,50,0.5302211277575075,0.10962342975388345
2019-11-30,6,low_wt1,50,-0.14219040996131985,0.10962342975388345
2019-12-31,1,high_wt1,50,0.43325480150250195,0.00846404700888283
2019-12-31,1,low_wt1,44,,0.00846404700888283
2019-12-31,3,high_wt1,50,0.293694004592453,-0.023621895958369388
2019-12-31,3,low_wt1,44,,-0.023621895958369388
2019-12-31,6,high_wt1,50,0.4872413426952126,0.20687824588727488
2019-12-31,6,low_wt1,44,,0.20687824588727488
2020-02-29,1,high_wt1,50,,-0.02810105593599021
2020-02-29,1,low_wt1,50,-0.01910219675262655,-0.02810105593599021
2020-02-29,3,high_wt1,50,,-0.0129278981963369
2020-02-29,3,low_wt1,50,-0.04313842665385004,-0.0129278981963369
2020-02-29,6,high_wt1,50,,0.20454689362245054
2020-02-29,6,low_wt1,50,0.03310555546891351,0.20454689362245054
2020-03-31,1,high_wt1,50,-0.10735887096774188,0.006394709449788561
2020-03-31,1,low_wt1,50,-0.05815277296399479,0.006394709449788561
2020-03-31,3,high_wt1,50,0.173891129032258,0.08003288555385607
2020-03-31,3,low_wt1,50,-0.04169636003300059,0.08003288555385607
2020-03-31,6,high_wt1,50,0.2016129032258065,0.201082106470873
2020-03-31,6,low_wt1,50,0.03608447508061896,0.201082106470873
2020-04-30,1,high_wt1,50,0.0,0.008286455023638967
2020-04-30,1,low_wt1,50,0.0,0.008286455023638967
2020-04-30,3,high_wt1,50,0.0,0.2293062235739693
2020-04-30,3,low_wt1,50,-0.025437105199624537,0.2293062235739693
2020-04-30,6,high_wt1,50,0.0,0.1635369177963889
2020-04-30,6,low_wt1,50,-0.1120857058389324,0.1635369177963889
2020-05-31,1,high_wt1,50,,0.06127365307001481
2020-05-31,1,low_wt1,50,0.1455521472392639,0.06127365307001481
2020-05-31,3,high_wt1,50,,0.2280557014412446
2020-05-31,3,low_wt1,50,0.5675503943908853,0.2280557014412446
2020-05-31,6,high_wt1,50,,0.21337803436692776
2020-05-31,6,low_wt1,50,0.48253724802804565,0.21337803436692776
2020-06-30,1,high_wt1,50,0.10942905232669242,0.14942572935518658
2020-06-30,1,low_wt1,50,-0.04761904761904767,0.14942572935518658
2020-06-30,3,high_wt1,50,-0.1574148444182396,0.11632269525904146
2020-06-30,3,low_wt1,50,-0.04047619047619044,0.11632269525904146
2020-06-30,6,high_wt1,50,-0.02434192215890091,0.17330049148463936
2020-06-30,6,low_wt1,50,0.0071428571428571175,0.17330049148463936
2020-07-31,1,high_wt1,50,0.0,0.0017970453449076568
2020-07-31,1,low_wt1,34,0.0,0.0017970453449076568
2020-07-31,3,high_wt1,50,0.0,-0.007759606094975671
2020-07-31,3,low_wt1,34,0.0,-0.007759606094975671
2020-07-31,6,high_wt1,50,0.0,0.0014091268623250986
2020-07-31,6,low_wt1,34,0.0,0.0014091268623250986
2020-08-31,1,high_wt1,50,0.0,-0.005090888681769569
2020-08-31,1,low_wt1,43,0.0,-0.005090888681769569
2020-08-31,3,high_wt1,50,0.0,-0.0023262668386934116
2020-08-31,3,low_wt1,43,0.0,-0.0023262668386934116
2020-08-31,6,high_wt1,50,0.0,0.0029730482226932365
2020-08-31,6,low_wt1,43,0.0,0.0029730482226932365
2020-09-30,1,high_wt1,50,0.0,-0.004352903731272617
2020-09-30,1,low_wt1,50,0.0,-0.004352903731272617
2020-09-30,3,high_wt1,50,0.0,0.007670952175978953
2020-09-30,3,low_wt1,50,0.0,0.007670952175978953
2020-09-30,6,high_wt1,50,0.0,0.013894735079498446
2020-09-30,6,low_wt1,50,0.0,0.013894735079498446
2020-10-31,1,high_wt1,50,0.0,0.007775518704835996
2020-10-31,1,low_wt1,50,0.0,0.007775518704835996
2020-10-31,3,high_wt1,50,0.0,0.008576234833124302
2020-10-31,3,low_wt1,50,0.0,0.008576234833124302
2020-10-31,6,high_wt1,50,0.4401663834901231,-0.010326964594110092
2020-10-31,6,low_wt1,50,-0.522996099345752,-0.010326964594110092
2020-11-30,1,high_wt1,50,0.029613866942013897,0.004235497456846174
2020-11-30,1,low_wt1,50,0.0,0.004235497456846174
2020-11-30,3,high_wt1,50,0.10391338601104216,0.0026749929018588976
2020-11-30,3,low_wt1,50,0.0,0.0026749929018588976
2020-11-30,6,high_wt1,50,0.7202177406765531,-0.014623721650613455
2020-11-30,6,low_wt1,50,-0.5203292365486595,-0.014623721650613455
2020-12-31,1,high_wt1,50,0.031006471006826197,-0.003536240283918963
2020-12-31,1,low_wt1,50,0.0,-0.003536240283918963
2020-12-31,3,high_wt1,50,0.08374794112725588,0.004178637593885164
2020-12-31,3,low_wt1,50,0.0,0.004178637593885164
2020-12-31,6,high_wt1,50,0.8456466864910069,-0.012387239114574823
2020-12-31,6,low_wt1,50,-0.5773965313565661,-0.012387239114574823
2021-01-31,1,high_wt1,50,0.05986079019919413,0.003259697795719172
2021-01-31,1,low_wt1,50,0.0,0.003259697795719172
2021-01-31,3,high_wt1,50,0.8901894125838284,-0.01917066192364573
2021-01-31,3,low_wt1,50,-0.26888182265324195,-0.01917066192364573
2021-01-31,6,high_wt1,50,1.0770672952073166,-0.00845848526006811
2021-01-31,6,low_wt1,50,-0.2064553420076395,-0.00845848526006811
2021-02-28,1,high_wt1,50,-0.034611019806362144,0.006613939248021967
2021-02-28,1,low_wt1,50,-0.11862317056490224,0.006613939248021967
2021-02-28,3,high_wt1,50,0.675862945782186,-0.014493352291178407
2021-02-28,3,low_wt1,50,0.011083093967993396,-0.014493352291178407
2021-02-28,6,high_wt1,50,0.7762814173132381,0.007034220446679545
2021-02-28,6,low_wt1,50,0.18238510463684854,0.007034220446679545
2021-03-31,1,high_wt1,50,0.46095092880867666,-0.026490512242120304
2021-03-31,1,low_wt1,50,-0.024974648341098905,-0.026490512242120304
2021-03-31,3,high_wt1,50,0.5098465376708669,-0.014539698571171166
2021-03-31,3,low_wt1,50,-0.008052333035986247,-0.014539698571171166
2021-03-31,6,high_wt1,50,0.6823944690786063,0.003446654976555996
2021-03-31,6,low_wt1,50,0.05692062082098433,0.003446654976555996
2021-04-30,1,high_wt1,50,0.040747037975146234,0.007072671874800442
2021-04-30,1,low_wt1,50,0.02888513776222182,0.007072671874800442
2021-04-30,3,high_wt1,50,0.07234227410190679,0.011979735820199717
2021-04-30,3,low_wt1,50,0.02256436394499377,0.011979735820199717
2021-04-30,6,high_wt1,50,0.208737922111382,0.03195343883990201
2021-04-30,6,low_wt1,50,0.04751607309681674,0.03195343883990201
2021-05-31,1,high_wt1,50,0.0019421254817782584,0.004947803202580391
2021-05-31,1,low_wt1,50,-0.00026921307644636993,0.004947803202580391
2021-05-31,3,high_wt1,50,-0.0019204519913307559,0.016408728902026676
2021-05-31,3,low_wt1,50,0.01597744936431293,0.016408728902026676
2021-05-31,6,high_wt1,50,0.03334719067969756,0.027913518357650928
2021-05-31,6,low_wt1,50,0.07615005169900897,0.027913518357650928
2021-06-30,1,high_wt1,50,-0.012494695119853143,-0.0017413470139409002
2021-06-30,1,low_wt1,50,0.0,-0.0017413470139409002
2021-06-30,3,high_wt1,50,-0.0025420930085143355,0.013936937700324292
2021-06-30,3,low_wt1,50,0.0332536001513265,0.013936937700324292
2021-06-30,6,high_wt1,50,0.2832839897672467,0.222385168136721
2021-06-30,6,low_wt1,50,0.3082223657602065,0.222385168136721
2021-07-31,1,high_wt1,50,0.0831171171207778,0.01190983009634911
2021-07-31,1,low_wt1,50,0.02194403252389687,0.01190983009634911
2021-07-31,3,high_wt1,50,0.13339487990978052,0.01298347490940485
2021-07-31,3,low_wt1,50,0.0018200549459418908,0.01298347490940485
2021-07-31,6,high_wt1,50,0.584834705774596,0.21868791891585757
2021-07-31,6,low_wt1,50,0.0646625899751109,0.21868791891585757
2021-08-31,1,high_wt1,50,0.033733065274865914,0.006696648652517982
2021-08-31,1,low_wt1,50,0.027855594778908106,0.006696648652517982
2021-08-31,3,high_wt1,50,0.1658934032447262,0.01100616719286734
2021-08-31,3,low_wt1,50,0.022091914224918973,0.01100616719286734
2021-08-31,6,high_wt1,50,0.9256125882833487,0.19990181363940918
2021-08-31,6,low_wt1,50,0.011423490637935676,0.19990181363940918
2021-09-30,1,high_wt1,50,0.033641692996574143,-0.003056921541928333
2021-09-30,1,low_wt1,50,0.0,-0.003056921541928333
2021-09-30,3,high_wt1,50,0.8281405078695075,0.20760708949650855
2021-09-30,3,low_wt1,50,-0.16086513609459088,0.20760708949650855
2021-09-30,6,high_wt1,50,0.745555503390279,0.17393273004959625
2021-09-30,6,low_wt1,50,-0.21407916468658925,0.17393273004959625
2021-10-31,1,high_wt1,50,0.09514001888306972,0.009070154375550851
2021-10-31,1,low_wt1,50,-0.062429291370976046,0.009070154375550851
2021-10-31,3,high_wt1,50,0.9441669523220009,0.20388336759147263
2021-10-31,3,low_wt1,50,-0.22961425289434012,0.20388336759147263
2021-10-31,6,high_wt1,50,0.8761660795646469,0.1842760833350011
2021-10-31,6,low_wt1,50,-0.28295855677860077,0.1842760833350011
2021-11-30,1,high_wt1,50,1.3629707322127844,0.20398660438132835
2021-11-30,1,low_wt1,50,-0.015842172177824798,0.20398660438132835
2021-11-30,3,high_wt1,50,1.3456635304439717,0.19078340926882426
2021-11-30,3,low_wt1,50,-0.11553360324738797,0.19078340926882426
2021-11-30,6,high_wt1,50,1.3454809407984125,0.18975978810151997
2021-11-30,6,low_wt1,50,-0.18134660167102748,0.18975978810151997
2021-12-31,1,high_wt1,50,-0.0051287481922284795,-0.006737591066678004
2021-12-31,1,low_wt1,48,-0.01072995154337624,-0.006737591066678004
2021-12-31,3,high_wt1,50,-0.026237068764102915,-0.03510050576379427
2021-12-31,3,low_wt1,48,-0.01729594974125448,-0.03510050576379427
2021-12-31,6,high_wt1,50,0.012370199324126616,-0.012990938120552492
2021-12-31,6,low_wt1,48,-0.023604515350049565,-0.012990938120552492
2022-02-28,1,high_wt1,50,0.010000000000000004,-0.007943247805240259
2022-02-28,1,low_wt1,50,-0.0034354767286044912,-0.007943247805240259
2022-02-28,3,high_wt1,50,0.0012686567164179098,-0.01735768851936818
2022-02-28,3,low_wt1,50,-0.016094416863180225,-0.01735768851936818
2022-02-28,6,high_wt1,50,0.0019776119402985072,-0.010519055323486353
2022-02-28,6,low_wt1,50,-0.014929715766702037,-0.010519055323486353
2022-03-31,1,high_wt1,50,0.011976047904191621,-0.0173200685136279
2022-03-31,1,low_wt1,50,-0.020276186057542257,-0.0173200685136279
2022-03-31,3,high_wt1,50,0.008037978097858339,0.0008619802554626916
2022-03-31,3,low_wt1,50,-0.016341911256168587,0.0008619802554626916
2022-03-31,6,high_wt1,50,0.3281573300894639,-0.16350189180059127
2022-03-31,6,low_wt1,50,-0.22673456729974079,-0.16350189180059127
2022-04-30,1,high_wt1,50,-0.009821436392416493,0.0093640474997191
2022-04-30,1,low_wt1,50,0.014624886421614509,0.0093640474997191
2022-04-30,3,high_wt1,50,0.010404883015555965,0.025601209913099127
2022-04-30,3,low_wt1,50,0.029007923008614638,0.025601209913099127
2022-04-30,6,high_wt1,50,0.4423901970021782,-0.14332252169704188
2022-04-30,6,low_wt1,50,-0.20595199286947027,-0.14332252169704188
2022-05-31,1,high_wt1,46,0.024612706902656194,0.011396557849994613
2022-05-31,1,low_wt1,50,-0.0053778319541436526,0.011396557849994613
2022-05-31,3,high_wt1,46,0.009753213972502403,0.00979738392710897
2022-05-31,3,low_wt1,50,0.015543028001216349,0.00979738392710897
2022-05-31,6,high_wt1,46,0.5021294907865534,-0.1430585353710787
2022-05-31,6,low_wt1,50,-0.29888432668480164,-0.1430585353710787
2022-06-30,1,high_wt1,50,-0.00355694800372622,0.0031865466713810165
2022-06-30,1,low_wt1,50,0.012623926419019363,0.0031865466713810165
2022-06-30,3,high_wt1,50,0.4624513078697813,-0.16370433115348307
2022-06-30,3,low_wt1,50,-0.25641408604514393,-0.16370433115348307
2022-06-30,6,high_wt1,50,0.4828055133244051,-0.15526572567374683
2022-06-30,6,low_wt1,50,-0.256328502817543,-0.15526572567374683
2022-07-31,1,high_wt1,50,-0.003944948596188035,-0.003334588610540655
2022-07-31,1,low_wt1,50,-0.007074257023936982,-0.003334588610540655
2022-07-31,3,high_wt1,50,0.4695721599513575,-0.16439707565767028
2022-07-31,3,low_wt1,50,-0.22303379931033257,-0.16439707565767028
2022-07-31,6,high_wt1,50,0.485669134291261,-0.151335011021369
2022-07-31,6,low_wt1,50,-0.19431263115395603,-0.151335011021369
2022-08-31,1,high_wt1,50,0.603671630346532,-0.16216651278497704
2022-08-31,1,low_wt1,50,-0.2204141106249659,-0.16216651278497704
2022-08-31,3,high_wt1,50,0.6076846455858754,-0.1515512322551209
2022-08-31,3,low_wt1,50,-0.22597097706955857,-0.1515512322551209
2022-08-31,6,high_wt1,50,0.6210151719447148,-0.14097036873445631
2022-08-31,6,low_wt1,50,-0.1659848013566322,-0.14097036873445631
2022-09-30,1,high_wt1,50,0.0021739332215556656,0.0017336499967010245
2022-09-30,1,low_wt1,50,0.004031777557100296,0.0017336499967010245
2022-09-30,3,high_wt1,50,-0.013072733847341412,0.010586315229345677
2022-09-30,3,low_wt1,50,0.00019860973187685983,0.010586315229345677
2022-09-30,6,high_wt1,50,0.011976406563449404,0.1512818878863783
2022-09-30,6,low_wt1,50,0.3042470433087336,0.1512818878863783
2022-10-31,1,high_wt1,50,-0.0006416875323153344,0.009974152837984867
2022-10-31,1,low_wt1,50,-0.0017171717171717172,0.009974152837984867
2022-10-31,3,high_wt1,50,-0.00047921406997943153,0.015337933158762264
2022-10-31,3,low_wt1,50,0.0019191919191919205,0.015337933158762264
2022-10-31,6,high_wt1,50,0.026238304827792772,0.15895132355025363
2022-10-31,6,low_wt1,50,0.24945505045075336,0.15895132355025363
2022-11-30,1,high_wt1,50,-0.004431089933609235,-0.0007143605668032478
2022-11-30,1,low_wt1,50,0.0020771171135583614,-0.0007143605668032478
2022-11-30,3,high_wt1,50,0.0031566501401220108,0.012211816786331441
2022-11-30,3,low_wt1,50,0.014356287209508801,0.012211816786331441
2022-11-30,6,high_wt1,50,0.21107005979024432,0.148157606584981
2022-11-30,6,low_wt1,50,0.2558999665637973,0.148157606584981
2022-12-31,1,high_wt1,43,-0.0010534447643795225,0.007413580710035405
2022-12-31,1,low_wt1,50,0.009750901343821698,0.007413580710035405
2022-12-31,3,high_wt1,43,0.25466373112563423,0.15219589879569553
2022-12-31,3,low_wt1,50,0.27373058656488214,0.15219589879569553
2022-12-31,6,high_wt1,43,0.24838613818071636,0.14001754244406514
2022-12-31,6,low_wt1,50,0.38181286669803616,0.14001754244406514
2023-01-31,1,high_wt1,50,0.0058181692621944794,0.005693267928372197
2023-01-31,1,low_wt1,38,0.0,0.005693267928372197
2023-01-31,3,high_wt1,50,0.35248024170362263,0.14316392969863934
2023-01-31,3,low_wt1,38,0.15168356391496188,0.14316392969863934
2023-01-31,6,high_wt1,50,0.3476469540396347,0.13345672128680858
2023-01-31,6,low_wt1,38,0.4258107962506978,0.13345672128680858
2023-02-28,1,high_wt1,50,0.6119840295748451,0.13873064528407072
2023-02-28,1,low_wt1,28,-0.08196868697210719,0.13873064528407072
2023-02-28,3,high_wt1,50,0.6157268575079632,0.13506575802392823
2023-02-28,3,low_wt1,28,-0.08196868697210719,0.13506575802392823
2023-02-28,6,high_wt1,50,0.5806533898938994,0.12302493195409969
2023-02-28,6,low_wt1,28,-0.19956687898899145,0.12302493195409969
2023-03-31,1,high_wt1,50,0.022654349457390303,-0.0016524790277372228
2023-03-31,1,low_wt1,45,-0.006848678779804625,-0.0016524790277372228
2023-03-31,3,high_wt1,50,0.09280381551831351,-0.021479548910853807
2023-03-31,3,low_wt1,45,-0.10728528534341743,-0.021479548910853807
2023-03-31,6,high_wt1,50,0.09156652665175913,-0.02742046343930583
2023-03-31,6,low_wt1,45,-0.09126528659902024,-0.02742046343930583
2023-04-30,1,high_wt1,50,-0.007024691064205234,-0.002238016723087818
2023-04-30,1,low_wt1,50,-0.004894279918946642,-0.002238016723087818
2023-04-30,3,high_wt1,50,0.2185228162836285,-0.014293716210745882
2023-04-30,3,low_wt1,50,-0.08654477049307197,-0.014293716210745882
2023-04-30,6,high_wt1,50,0.21394645745607146,-0.021919490879001
2023-04-30,6,low_wt1,50,-0.10852907678625442,-0.021919490879001
2023-05-31,1,high_wt1,50,0.28917445145774834,-0.013691930666329606
2023-05-31,1,low_wt1,50,-0.09641654307621657,-0.013691930666329606
2023-05-31,3,high_wt1,50,0.26532106674677447,-0.016137782364946795
2023-05-31,3,low_wt1,50,-0.06298023554311569,-0.016137782364946795
2023-05-31,6,high_wt1,50,0.24284875532548325,-0.019245844608481843
2023-05-31,6,low_wt1,50,-0.08541057630817901,-0.019245844608481843
2023-06-30,1,high_wt1,50,-0.006747951290959333,0.0027390015793347963
2023-06-30,1,low_wt1,50,-0.0005941376118481956,0.0027390015793347963
2023-06-30,3,high_wt1,50,-0.018473759025131306,-0.0037784970977796
2023-06-30,3,low_wt1,50,-0.001945901470739484,-0.0037784970977796
2023-06-30,6,high_wt1,50,-0.027066067719132312,-0.005476658752073261
2023-06-30,6,low_wt1,50,-0.006691911400334727,-0.005476658752073261
2023-07-31,1,high_wt1,50,0.0026192645396255717,-0.0035316015200769118
2023-07-31,1,low_wt1,50,-8.581006175500024e-05,-0.0035316015200769118
2023-07-31,3,high_wt1,50,-0.004424404187919363,-0.007194001416446486
2023-07-31,3,low_wt1,50,-0.013324558539232999,-0.007194001416446486
2023-07-31,6,high_wt1,50,0.003925329393014043,-0.020499775102776136
2023-07-31,6,low_wt1,50,-0.021493900806390114,-0.020499775102776136
2023-08-31,1,high_wt1,27,0.0,-0.0023861263041367467
2023-08-31,1,low_wt1,50,0.0,-0.0023861263041367467
2023-08-31,3,high_wt1,27,0.004041021461559362,-0.0031076735710573304
2023-08-31,3,low_wt1,50,-0.01875851915552095,-0.0031076735710573304
2023-08-31,6,high_wt1,27,0.015450964411844606,-0.013575874431301588
2023-08-31,6,low_wt1,50,-0.030001310401651226,-0.013575874431301588
2023-09-30,1,high_wt1,26,0.03365960208788095,-0.0013269401437812488
2023-09-30,1,low_wt1,50,-0.03391811647450477,-0.0013269401437812488
2023-09-30,3,high_wt1,26,0.07913557778116471,-0.0019567704403416217
2023-09-30,3,low_wt1,50,-0.03728147601595257,-0.0019567704403416217
2023-09-30,6,high_wt1,26,0.08503437227881086,-0.005125168618653635
2023-09-30,6,low_wt1,50,-0.060518082370947336,-0.005125168618653635
2023-10-31,1,high_wt1,34,0.002920753132617541,-0.00013072212023651215
2023-10-31,1,low_wt1,50,-0.007202113970842558,-0.00013072212023651215
2023-10-31,3,high_wt1,34,-0.005626278931363678,-0.014004959559506385
2023-10-31,3,low_wt1,50,-0.05252521629838299,-0.014004959559506385
2023-10-31,6,high_wt1,34,0.016127273542527774,-0.0010504914451712763
2023-10-31,6,low_wt1,50,-0.0447349922455237,-0.0010504914451712763
2023-11-30,1,high_wt1,50,0.010436431007339006,-0.0009183594146964377
2023-11-30,1,low_wt1,50,0.0030105489343456543,-0.0009183594146964377
2023-11-30,3,high_wt1,50,-0.005316421898596546,-0.011097407764538842
2023-11-30,3,low_wt1,50,-0.045246490481613805,-0.011097407764538842
2023-11-30,6,high_wt1,50,0.27753508156636847,-0.12822231243243354
2023-11-30,6,low_wt1,50,-0.17220662312727908,-0.12822231243243354
2023-12-31,1,high_wt1,50,-0.01278496990678213,-0.013229326730251123
2023-12-31,1,low_wt1,50,-0.04921690893661568,-0.013229326730251123
2023-12-31,3,high_wt1,50,0.00944825063593553,-0.0034849526261715876
2023-12-31,3,low_wt1,50,-0.05820945687338304,-0.0034849526261715876
2023-12-31,6,high_wt1,50,0.307719607120126,-0.1341230420650427
2023-12-31,6,low_wt1,50,-0.24658577932812623,-0.1341230420650427
2024-01-31,1,high_wt1,31,0.026837384133197,0.00542094934753786
2024-01-31,1,low_wt1,50,0.028216612940504024,0.00542094934753786
2024-01-31,3,high_wt1,31,0.04226151997873111,0.01579645658424618
2024-01-31,3,low_wt1,50,0.05622929317479421,0.01579645658424618
2024-01-31,6,high_wt1,31,0.36732852095665713,-0.11993891730004091
2024-01-31,6,low_wt1,50,-0.060977238512852694,-0.11993891730004091
2024-02-29,1,high_wt1,47,0.024933176438707075,0.007588300212885028
2024-02-29,1,low_wt1,50,0.026951859790224963,0.007588300212885028
2024-02-29,3,high_wt1,47,0.3356149624862684,-0.11469119570556296
2024-02-29,3,low_wt1,50,-0.1155588701609384,-0.11469119570556296
2024-02-29,6,high_wt1,47,0.3271476581479735,-0.13054871495046663
2024-02-29,6,low_wt1,50,-0.1155588701609384,-0.13054871495046663
2024-03-31,1,high_wt1,50,0.00999305439690373,0.0029807872205280853
2024-03-31,1,low_wt1,50,0.0012106953330389624,0.0029807872205280853
2024-03-31,3,high_wt1,50,0.27587682881384806,-0.12955130232304515
2024-03-31,3,low_wt1,50,-0.1484275959675584,-0.12955130232304515
2024-03-31,6,high_wt1,50,0.26993252818412594,-0.12061815849389794
2024-03-31,6,low_wt1,50,-0.12253548782306233,-0.12061815849389794
2024-04-30,1,high_wt1,50,0.28414361064404936,-0.12489864509553628
2024-04-30,1,low_wt1,50,-0.20333433707506415,-0.12489864509553628
2024-04-30,3,high_wt1,50,0.26946718734594655,-0.1347143759757754
2024-04-30,3,low_wt1,50,-0.2253607522524751,-0.1347143759757754
2024-04-30,6,high_wt1,50,0.2755492087870575,-0.11573950555028129
2024-04-30,6,low_wt1,50,-0.1797362101917322,-0.11573950555028129
2024-05-31,1,high_wt1,50,-0.007288570372368095,-0.008425829994000841
2024-05-31,1,low_wt1,50,-0.025173166562048974,-0.008425829994000841
2024-05-31,3,high_wt1,50,-0.04975867211331227,-0.017203813049698275
2024-05-31,3,low_wt1,50,-0.03980137317988783,-0.017203813049698275
2024-05-31,6,high_wt1,50,-0.017878245966886735,0.02316114536478466
2024-05-31,6,low_wt1,50,0.024942762847173353,0.02316114536478466
2024-06-30,1,high_wt1,42,-0.0006790169228582851,-0.00294982382744201
2024-06-30,1,low_wt1,50,-0.004137528373439137,-0.00294982382744201
2024-06-30,3,high_wt1,42,-0.004489126100640913,0.010753767842979016
2024-06-30,3,low_wt1,50,0.026696447592702056,0.010753767842979016
2024-06-30,6,high_wt1,42,-0.013984023748212636,0.025256518976409167
2024-06-30,6,low_wt1,50,0.05628760575706965,0.025256518976409167
2024-07-31,1,high_wt1,33,-0.010737695199684217,-0.005321407728090512
2024-07-31,1,low_wt1,50,-0.012607049672186583,-0.005321407728090512
2024-07-31,3,high_wt1,33,0.011049832088310752,0.021860864922985196
2024-07-31,3,low_wt1,50,0.0032515807865791378,0.021860864922985196
2024-07-31,6,high_wt1,33,0.3231132789772881,0.22106044117797272
2024-07-31,6,low_wt1,50,0.03808483731653819,0.22106044117797272
2024-08-31,1,high_wt1,10,0.012008015608656853,0.020033189319259164
2024-08-31,1,low_wt1,50,0.03222781773742448,0.020033189319259164
2024-08-31,3,high_wt1,10,0.0499897465136522,0.04026204293523496
2024-08-31,3,low_wt1,50,0.06274837933035642,0.04026204293523496
2024-08-31,6,high_wt1,10,0.5089373988556588,0.22225345166743957
2024-08-31,6,low_wt1,50,0.007033788284896842,0.22225345166743957
2024-09-30,1,high_wt1,7,0.0,0.0054924543091147485
2024-09-30,1,low_wt1,31,0.03961855068915504,0.0054924543091147485
2024-09-30,3,high_wt1,7,0.0,0.016021550496330084
2024-09-30,3,low_wt1,31,0.031005427357772026,0.016021550496330084
2024-09-30,6,high_wt1,7,1.3772067349855115,0.17962263458318578
2024-09-30,6,low_wt1,31,-0.06105871588359448,0.17962263458318578
2024-10-31,1,high_wt1,50,0.02831137300947234,0.013351369702127287
2024-10-31,1,low_wt1,8,-0.00977253411764592,0.013351369702127287
2024-10-31,3,high_wt1,50,0.8064950773095689,0.2017885605554825
2024-10-31,3,low_wt1,8,9.612400187002017,0.2017885605554825
2024-10-31,6,high_wt1,50,0.8610381674632527,0.2129325426674957
2024-10-31,6,low_wt1,8,9.070404635831455,0.2129325426674957
2024-11-30,1,high_wt1,50,-0.01333155800647895,-0.0017637378012310043
2024-11-30,1,low_wt1,7,-0.03314198516983513,-0.0017637378012310043
2024-11-30,3,high_wt1,50,0.9207166725511259,0.18439343685944795
2024-11-30,3,low_wt1,7,-0.040193490234189846,0.18439343685944795
2024-11-30,6,high_wt1,50,1.0653741125928697,0.2650771007934426
2024-11-30,6,low_wt1,7,0.09301905373073685,0.2650771007934426
2024-12-31,1,high_wt1,50,1.0277250129832332,0.18897644923961515
2024-12-31,1,low_wt1,5,0.04087956136246629,0.18897644923961515
2024-12-31,3,high_wt1,50,0.9814024355366797,0.16155984363707485
2024-12-31,3,low_wt1,5,-0.06967347951023513,0.16155984363707485
2024-12-31,6,high_wt1,50,1.111005563576111,0.3336736366637549
2024-12-31,6,low_wt1,5,0.22784304982657808,0.3336736366637549
2025-02-28,1,high_wt1,50,-0.013259257365471585,0.010617984158616929
2025-02-28,1,low_wt1,11,-0.02532282105043284,0.010617984158616929
2025-02-28,3,high_wt1,50,-0.12001027862576348,0.03412144868343416
2025-02-28,3,low_wt1,11,-0.048100386735545765,0.03412144868343416
2025-02-28,6,high_wt1,50,0.09672238249020348,0.23781686152061682
2025-02-28,6,low_wt1,11,0.09688205276672433,0.23781686152061682
2025-03-31,1,high_wt1,50,0.023444217581569095,-0.020531070280984092
2025-03-31,1,low_wt1,9,-0.053059319566049354,-0.020531070280984092
2025-03-31,3,high_wt1,50,0.06453894088393411,0.06673007083015378
2025-03-31,3,low_wt1,9,0.04821557707836867,0.06673007083015378
2025-03-31,6,high_wt1,50,0.328880687141816,0.26671696391050626
2025-03-31,6,low_wt1,9,0.15642173193340683,0.26671696391050626
2025-04-30,1,high_wt1,50,0.042357050038132664,0.03825437546390621
2025-04-30,1,low_wt1,28,0.022882385164237736,0.03825437546390621
2025-04-30,3,high_wt1,50,0.15211699066604553,0.15349951149486574
2025-04-30,3,low_wt1,28,0.12343988056278528,0.15349951149486574
2025-04-30,6,high_wt1,50,0.2251497506406255,0.31087326326242304
2025-04-30,6,low_wt1,28,0.35610680356848495,0.31087326326242304
2025-05-31,1,high_wt1,50,0.023736585472917918,0.051376835815333644
2025-05-31,1,low_wt1,33,0.023276159406774445,0.051376835815333644
2025-05-31,3,high_wt1,50,0.09607235596982958,0.222931438176977
2025-05-31,3,low_wt1,33,0.13633472343938507,0.222931438176977
2025-05-31,6,high_wt1,50,0.08582419334493605,0.2574552907297194
2025-05-31,6,low_wt1,33,0.21759383261086676,0.2574552907297194
2025-06-30,1,high_wt1,50,0.022992597755570696,0.05731738520254206
2025-06-30,1,low_wt1,25,0.04870818629262249,0.05731738520254206
2025-06-30,3,high_wt1,50,0.038737070842220896,0.18425286646993158
2025-06-30,3,low_wt1,25,0.0876549894202658,0.18425286646993158
2025-06-30,6,high_wt1,50,0.09891251143993617,0.22760505114393367
2025-06-30,6,low_wt1,25,0.10196868338972948,0.22760505114393367
2025-07-31,1,high_wt1,50,0.18508442479164758,0.09268978708027269
2025-07-31,1,low_wt1,7,0.359285590428299,0.09268978708027269
2025-07-31,3,high_wt1,50,0.17630434146941673,0.1333157113020877
2025-07-31,3,low_wt1,7,0.16871857118085676,0.1333157113020877
2025-07-31,6,high_wt1,50,0.4174369177781294,0.36985487074071305
2025-07-31,6,low_wt1,7,0.2136292699843938,0.36985487074071305
2025-08-31,1,high_wt1,50,0.0937032459948778,0.024132909546983328
2025-08-31,1,low_wt1,6,0.0006214591038512888,0.024132909546983328
2025-08-31,3,high_wt1,50,0.02078940446847214,0.033681286874316214
2025-08-31,3,low_wt1,6,-0.02956687355868337,0.033681286874316214
2025-08-31,6,high_wt1,50,0.23163948016281521,0.2662947997111638
2025-08-31,6,low_wt1,6,0.10964863666592772,0.2662947997111638
2025-09-30,1,high_wt1,50,-0.01763635792012465,0.01313356656328035
2025-09-30,1,low_wt1,9,0.03233968550961038,0.01313356656328035
2025-09-30,3,high_wt1,50,-0.017091611666270275,0.03957196094352473
2025-09-30,3,low_wt1,9,0.02450751245814864,0.03957196094352473
2025-09-30,6,high_wt1,50,0.07969145977033175,0.07549395687579517
2025-09-30,6,low_wt1,9,0.09315431569259111,0.07549395687579517
2025-10-31,1,high_wt1,50,0.01768798135457489,-0.007655918541759031
2025-10-31,1,low_wt1,7,-0.006745537367618943,-0.007655918541759031
2025-10-31,3,high_wt1,50,0.06812214641491701,0.15612701542100477
2025-10-31,3,low_wt1,7,0.15041103932594457,0.15612701542100477
2025-10-31,6,high_wt1,50,0.12452227703497983,0.1495936466696108
2025-10-31,6,low_wt1,7,-0.08429064219819352,0.1495936466696108
2025-11-30,1,high_wt1,50,-0.0017365950364496357,0.029452520343259358
2025-11-30,1,low_wt1,15,-0.02026498884640231,0.029452520343259358
2025-11-30,3,high_wt1,50,0.16430096637938577,0.21092591661836713
2025-11-30,3,low_wt1,15,0.09177047780290071,0.21092591661836713
2025-11-30,6,high_wt1,50,0.19459404016075404,0.24805209266360514
2025-11-30,6,low_wt1,15,-0.13719307921313878,0.24805209266360514
2025-12-31,1,high_wt1,50,0.10748639940151983,0.1087231923903695
2025-12-31,1,low_wt1,32,0.06808913779142625,0.1087231923903695
2025-12-31,3,high_wt1,50,0.10550291998202761,0.029865601001691874
2025-12-31,3,low_wt1,32,-0.0064282923049850576,0.029865601001691874
2025-12-31,6,high_wt1,50,0.2697890622211614,0.12277404143540274
2025-12-31,6,low_wt1,32,-0.25147736426272826,0.12277404143540274
2026-01-31,1,high_wt1,50,0.005586657346114719,0.04222287956358824
2026-01-31,1,low_wt1,16,-0.020326237704699546,0.04222287956358824
2026-01-31,3,high_wt1,50,0.06501599311728416,0.05411577751886159
2026-01-31,3,low_wt1,16,-0.05475765682445255,0.05411577751886159
2026-01-31,6,high_wt1,50,0.15192540454565592,0.09137525638558529
2026-01-31,6,low_wt1,16,-0.14745288652735233,0.09137525638558529
